cards/mtg/swamp.jpg,26
cards/mtg/abattoir-ghoul.jpg,2
cards/mtg/black-cat.jpg,3
cards/mtg/bloodghast.jpg,1
cards/mtg/butcher-ghoul.jpg,2
cards/mtg/diregraf-ghoul.jpg,2
cards/mtg/fleshbag-marauder.jpg,2
cards/mtg/grave-titan.jpg,1
cards/mtg/gravecrawler.jpg,1
cards/mtg/lilianas-reaver.jpg,1
cards/mtg/nightmare.jpg,1
cards/mtg/veilborn-ghoul.jpg,1
cards/mtg/walking-corpse.jpg,2
cards/mtg/cruel-revival.jpg,3
cards/mtg/doom-blade.jpg,3
cards/mtg/endless-ranks-of-the-dead.jpg,1
cards/mtg/grim-return.jpg,1
cards/mtg/sign-in-blood.jpg,2
cards/mtg/soul-bleed.jpg,1
cards/mtg/staff-of-the-death-magus.jpg,2
cards/mtg/tendrils-of-corruption.jpg,2
cards/mtg/zombie-apocalypse.jpg,1
cards/mtg/shrivel.jpg,1
cards/mtg/vial-of-poison.jpg,1
cards/mtg/cruel-revival.jpg,1
cards/mtg/farbog-boneflinger.jpg,1
cards/mtg/gravecrawler.jpg,1
cards/mtg/geralfs-messenger.jpg,1
cards/mtg/lord-of-the-undead.jpg,1
cards/mtg/endless-ranks-of-the-dead.jpg,1
cards/mtg/mikaeus-the-unhallowed.jpg,1
cards/mtg/gravecrawler.jpg,1
cards/mtg/staff-of-the-death-magus.jpg,1
cards/mtg/corrupt.jpg,1
cards/mtg/reanimate.jpg,1
cards/mtg/nightmare.jpg,1
cards/mtg/geralfs-messenger.jpg,1
cards/mtg/quest-for-the-gravelord.jpg,1
cards/mtg/corrupt.jpg,1
cards/mtg/lord-of-the-undead.jpg,1
cards/mtg/rise-of-the-dark-realms.jpg,1
cards/mtg/undead-warchief.jpg,1
cards/mtg/grave-pact.jpg,1
cards/mtg/exhume.jpg,1
cards/mtg/mutilate.jpg,1
cards/mtg/vampiric-tutor.jpg,1
cards/mtg/death-cloud.jpg,1
cards/mtg/consuming-vapors.jpg,1
cards/mtg/grave-betrayal.jpg,1
cards/mtg/undead-warchief.jpg,1
cards/mtg/death-baron.jpg,1
