cards/Netrunner-accelerated-beta-test-01055.png,3
cards/Netrunner-adonis-campaign-01056.png,3
cards/Netrunner-aggressive-secretary-01057.png,2
cards/Netrunner-heimdall-10-01061.png,2
cards/Netrunner-ichi-10-01062.png,3
cards/Netrunner-rototurret-01064.png,2
cards/Netrunner-viktor-10-01063.png,2
cards/Netrunner-haas-bioroid-engineering-the-future-01054.png,1
cards/Netrunner-archived-memories-01058.png,2
cards/Netrunner-biotic-labor-01059.png,3
cards/Netrunner-shipment-from-mirrormorph-01060.png,2
cards/Netrunner-corporate-troubleshooter-01065.png,1
cards/Netrunner-experiential-data-01066.png,2
cards/Netrunner-nisei-mk-ii-01068.png,3
cards/Netrunner-project-junebug-01069.png,3
cards/Netrunner-snare-01070.png,3
cards/Netrunner-zaibatsu-loyalty-01071.png,1
cards/Netrunner-cell-portal-01074.png,2
cards/Netrunner-chum-01075.png,2
cards/Netrunner-data-mine-01076.png,2
cards/Netrunner-neural-katana-01077.png,3
cards/Netrunner-wall-of-thorns-01078.png,3
cards/Netrunner-jinteki-personal-evolution-01067.png,1
cards/Netrunner-neural-emp-01072.png,2
cards/Netrunner-precognition-01073.png,2
cards/Netrunner-akitaro-watanabe-01079.png,1
cards/Netrunner-astroscript-pilot-program-01081.png,2
cards/Netrunner-breaking-news-01082.png,2
cards/Netrunner-ghost-branch-01087.png,3
cards/Netrunner-data-raven-01088.png,3
cards/Netrunner-matrix-analyzer-01089.png,3
cards/Netrunner-tollbooth-01090.png,3
cards/Netrunner-nbn-making-news-01080.png,1
cards/Netrunner-anonymous-tip-01083.png,2
cards/Netrunner-closed-accounts-01084.png,2
cards/Netrunner-psychographics-01085.png,2
cards/Netrunner-sea-source-01086.png,2
cards/Netrunner-red-herrings-01091.png,2
cards/Netrunner-sansan-city-grid-01092.png,1
cards/Netrunner-hostile-takeover-01094.png,3
cards/Netrunner-posted-bounty-01095.png,2
cards/Netrunner-security-subcontract-01096.png,1
cards/Netrunner-archer-01101.png,2
cards/Netrunner-hadrians-wall-01102.png,2
cards/Netrunner-ice-wall-01103.png,3
cards/Netrunner-shadow-01104.png,3
cards/Netrunner-weyland-consortium-building-a-better-world-01093.png,1
cards/Netrunner-aggressive-negotiation-01097.png,2
cards/Netrunner-beanstalk-royalties-01098.png,3
cards/Netrunner-scorched-earth-01099.png,2
cards/Netrunner-shipment-from-kaguya-01100.png,2
cards/Netrunner-research-station-01105.png,2
cards/Netrunner-priority-requisition-01106.png,3
cards/Netrunner-private-security-force-01107.png,3
cards/AN-melange-mining-corp.png,2
cards/Netrunner-enigma-01111.png,3
cards/Netrunner-hunter-01112.png,2
cards/Netrunner-wall-of-static-01113.png,3
cards/Netrunner-hedge-fund-01110.png,3
cards/Netrunner-pad-campaign-01109.png,3
cards/Netrunner-dj-vu-01002.png,2
cards/Netrunner-demolition-run-01003.png,3
cards/Netrunner-stimhack-01004.png,3
cards/Netrunner-grimoire-01006.png,1
cards/Netrunner-cyberfeeder-01005.png,3
cards/Netrunner-noise-hacker-extraordinaire-01001.png,1
cards/Netrunner-corroder-01007.png,2
cards/Netrunner-datasucker-01008.png,2
cards/Netrunner-djinn-01009.png,2
cards/Netrunner-medium-01010.png,2
cards/Netrunner-mimic-01011.png,2
cards/Netrunner-parasite-01012.png,3
cards/Netrunner-wyrm-01013.png,2
cards/Netrunner-yog0-01014.png,2
cards/Netrunner-ice-carver-01015.png,1
cards/Netrunner-wyldside-01016.png,2
cards/Netrunner-account-siphon-01018.png,2
cards/Netrunner-easy-mark-01019.png,3
cards/Netrunner-forged-activation-orders-01020.png,3
cards/Netrunner-inside-job-01021.png,3
cards/Netrunner-special-order-01022.png,3
cards/Netrunner-desperado-01024.png,1
cards/Netrunner-lemuria-codecracker-01023.png,2
cards/Netrunner-gabriel-santiago-consummate-professional-01017.png,1
cards/Netrunner-aurora-01025.png,2
cards/Netrunner-femme-fatale-01026.png,2
cards/Netrunner-ninja-01027.png,2
cards/Netrunner-sneakdoor-beta-01028.png,2
cards/Netrunner-bank-job-01029.png,2
cards/Netrunner-crash-space-01030.png,2
cards/Netrunner-data-dealer-01031.png,1
cards/Netrunner-decoy-01032.png,2
cards/Netrunner-diesel-01034.png,3
cards/Netrunner-modded-01035.png,2
cards/Netrunner-the-makers-eye-01036.png,3
cards/Netrunner-tinkering-01037.png,3
cards/Netrunner-the-toolbox-01041.png,1
cards/Netrunner-akamatsu-mem-chip-01038.png,2
cards/Netrunner-rabbit-hole-01039.png,2
cards/Netrunner-the-personal-touch-01040.png,2
cards/Netrunner-kate-mac-mccaffrey-digital-tinker-01033.png,1
cards/Netrunner-battering-ram-01042.png,2
cards/Netrunner-gordian-blade-01043.png,3
cards/Netrunner-magnum-opus-01044.png,2
cards/Netrunner-net-shield-01045.png,2
cards/Netrunner-pipeline-01046.png,2
cards/Netrunner-aesops-pawnshop-01047.png,1
cards/Netrunner-sacrificial-construct-01048.png,2
cards/Netrunner-infiltration-01049.png,3
cards/Netrunner-sure-gamble-01050.png,3
cards/Netrunner-access-to-globalsec-01052.png,3
cards/Netrunner-crypsis-01051.png,3
cards/Netrunner-armitage-codebusting-01053.png,3
